aduh aku ganteng,positif,http://www.juara.net/read/sepakbola/spanyol/127523-ronaldo.terlibat.cinta.lokasi
aduh aku ganteng,positif,http://www.juara.net/read/sepakbola/spanyol/127523-ronaldo.terlibat.cinta.lokasi
aduh aku ganteng,positif,http://www.juara.net/read/sepakbola/spanyol/127523-ronaldo.terlibat.cinta.lokasi
aduh aku ganteng,positif,http://www.juara.net/read/sepakbola/spanyol/127523-ronaldo.terlibat.cinta.lokasi
aduh aku ganteng,positif,http://www.juara.net/read/sepakbola/spanyol/127523-ronaldo.terlibat.cinta.lokasi
aduh aku ganteng,positif,http://www.juara.net/read/sepakbola/spanyol/127523-ronaldo.terlibat.cinta.lokasi
aduh aku ganteng,positif,http://www.juara.net/read/sepakbola/spanyol/127523-ronaldo.terlibat.cinta.lokasi
aduh aku ganteng,positif,http://www.juara.net/read/sepakbola/spanyol/127523-ronaldo.terlibat.cinta.lokasi
aduh aku ganteng,positif,http://www.juara.net/read/sepakbola/spanyol/127523-ronaldo.terlibat.cinta.lokasi
aduh aku ganteng,positif,http://www.juara.net/read/sepakbola/spanyol/127523-ronaldo.terlibat.cinta.lokasi
aduh aku ganteng,positif,http://www.juara.net/read/sepakbola/spanyol/127523-ronaldo.terlibat.cinta.lokasi
aduh aku ganteng,positif,http://www.juara.net/read/sepakbola/spanyol/127523-ronaldo.terlibat.cinta.lokasi
aduh aku ganteng,positif,http://www.juara.net/read/sepakbola/spanyol/127523-ronaldo.terlibat.cinta.lokasi
aduh aku ganteng,positif,http://www.juara.net/read/sepakbola/spanyol/127523-ronaldo.terlibat.cinta.lokasi
