dataweb,klasifikasi
apa.com,tidak terklasifikasi
apa.com,pornografi
apa.com,pornografi
apa.com,radikalisme
apa.com,pornografi
apa.com,pornografi
apa.com,prostitusi
apa.com,radikalisme
apa.com,pornografi
apa.com,prostitusi
apa.com,pornografi
apa.com,tidak terklasifikasi
apa.com,prostitusi
apa.com,radikalisme
apa.com,terorisme
apa.com,prostitusi
apa.com,tidak terklasifikasi
apa.com,pornografi
apa.com,prostitusi
apa.com,pornografi
apa.com,perjudian
apa.com,rasisme
apa.com,pornografi
apa.com,pornografi
apa.com,rasisme
apa.com,rasisme
apa.com,prostitusi
apa.com,prostitusi
apa.com,separatisme
apa.com,tidak terklasifikasi
apa.com,prostitusi
apa.com,separatisme
apa.com,prostitusi
apa.com,pornografi
apa.com,pornografi
apa.com,tidak terklasifikasi
apa.com,prostitusi
apa.com,prostitusi
apa.com,tidak terklasifikasi